Workbook
Name ADR_REM: " "
Name ADR_REMMEMORANGE: "1;7"
Name AMT_B: 400
Name AMT_TOTAL: 1200
Name BODY_PAGE: 1
Name CONSIGNEE: "HANPIN BVI INTERNATIONAL CO., LTD"
Name CONSIGNEE_ADD: "Unit 601, 6/F, CCT Telecom Bldg.,11 Wo Shing Street, Fotan, Shantin, N.T., Hong Kong."
Name CONSIGNEE_ADDMEMORANGE: "1;7"
Name CONSIGNEEMEMORANGE: "1;3"
Name Count_In_OnePage: 1
Name CUR_ID: ""
Name CUR_ID_B: ""
Name CUR_ID_E: ""
Name CUR_ID_H: ""
Name CUS_OS_NO: ""
Name CUS_OS_NO_B: "201145563"
Name CUS_OS_NO_TF: "201144191"
Name CUS_SENDCUS_NAME: ""
Name CUS_WH_ADR: "Unit 601, 6/F, CCT Telecom Bldg.,11 Wo Shing Street, Fotan, Shantin, N.T., Hong Kong."
Name CUS_WH_ADRMEMORANGE: "1;5"
Name CUS_WH_CNT_MAN: "Ms Catherine"
Name CUS_WH_CNT_MANMEMORANGE: "1;7"
Name CUS_WH_FAX_NO: ""
Name CUS_WH_NAME: "HANPIN BVI INTERNATIONAL CO., LTD"
Name CUS_WH_NAMEMEMORANGE: "1;4"
Name CUS_WH_TEL_NO: "(852) 2881 5068"
Name CUST_ADR_ENG: ""
Name CUST_ADR_ENGMEMORANGE: "1;5"
Name CUST_ADR1: "Palm Grove House P.O. Box438，Road Town,Tortola,British Virgin Islands"
Name CUST_ADR1MEMORANGE: "1;7"
Name CUST_MAN1: "ROBBE#126"
Name CUST_MAN1MEMORANGE: "1;5"
Name CUST_NM_ENG: "HANPIN BVI INTERNATIONAL CO., LTD"
Name CUST_NM_ENGMEMORANGE: "1;3"
Name CUST_TEL1: "0755-2737-8666"
Name DELIVERY: " "
Name DELIVERY_DBEDITMEMORANGE: "1;4"
Name DELIVERYMEMORANGE: "1;5"
Name DocumentFunction: #REF!
Name DocumentFunction: #REF!
Name DocumentFunction: #REF!
Name DocumentFunction: #REF!
Name DocumentFunction: #REF!
Name DocumentFunction: #REF!
Name DRAWFOOTLINE: 0
Name FAS_TABLE_BODY: "25;2;44;10;"
Name FAS_TABLE_BODY_AUTOSIZE: "[以下空白]"
Name HCUS_OS_NO: ""
Name HINVOICE_NO: ""
Name INV_NO_H: "A104110311"
Name INV_QTY: 5000
Name ITM: "1"
Name LPT_AMT: 4625
Name LPT_AMT_USD: " Dollars Four Thousand Six Hundred Twenty Five Only"
Name MRK_NAME: "LITTELFUSE"
Name MY_WH_NAME: ""
Name NM_ENG: ""
Name NOW_PAGE: 1
Name PAGES_ALL: 1
Name PI_NO: "TRUCK"

Sheet shipping mark
A4: 外箱要求貼或標注:
C5: 货物品牌 | D5: Littelfuse
C6: 型号:
D7: SMAJ58CA
D8: P654P3100SBRP
D9: SP3051-04HTG
D10: P3500SBLRP
D11: SDP0240T023G6RP
D12: CS7N60FA9HDY
D13: CS7N65A3R-G

Sheet Invoice
B1: B1 | C1: QHT002
A2: COMMERCIAL INVOICE
A3: Shipper/Exporter | E3: No. & Date of Invoice
A4: ACTION ELECTRONICS CO.,LTD | E4: A114081421
E5: 45883
A8: Bill To: | E8: Payment Term
A9: SerNet (SuZhou) Technologies Corporation | E9: SN_FTM 120 Days
A10: No.8, Tangzhuang Rode ,Suzhou Industrial Park
A11: ATTN: Jason TEL:0512 6761 3993 ext: 6598/6583
A12: Ship To: | E12: Trade Term
A13: SerNet (SuZhou) Technologies Corporation | E13: DAP SZ
A14: No.8, Tangzhuang Rode ,Suzhou Industrial Park ATTN: Jason TEL:0512 6761 3993 ext: 6598/6583
A15: Port of Loading | C15: Port of Discharge | E15: Remarks:
A16: HK | C16: SZ
A18: Carrier | C18: Sailing on/or About
A19: BY DHL | E19: 贸易国： | F19: Anguilla
A20: ITEM | B20: PO No. | C20: Part No. | D20: 型号 | E20: Quantity | F20: Unit | G20: Unit Price | H20: Currency | I20: Amount | J20: COO | K20: COD | L20: 品牌 | M20: 品牌类型 | N20: Description of Goods | O20: Net WT(KGS)
A21: 1 | B21: 2250100170 | C21: 30135001LF | D21: P3500SBLRP | E21: 10000 | F21: PCS | G21: 0.044 | H21: USD | I21: =ROUND(E21*G21,2) -> 440 | J21: CN | K21: / | L21: Littelfuse | M21: 境外品牌（其他） | N21: / | O21: 2.83 | P21: =VLOOKUP(J21,[3]国家代码!$A$1:$B$65536,2,0) -> 142
A22: 2 | B22: 2250500414 | C22: 30158001LF | D22: SMBJ58A | E22: 3000 | F22: PCS | G22: 0.032 | H22: USD | I22: =ROUND(E22*G22,2) -> 96 | J22: CN | K22: / | L22: Littelfuse | M22: 境外品牌（其他） | N22: / | O22: 0.75 | P22: =VLOOKUP(J22,[3]国家代码!$A$1:$B$65536,2,0) -> 142
A23: 3 | B23: 2250200088 | C23: 301J16A0LF | D23: SMAJ16A | E23: 10000 | F23: PCS | G23: 0.026 | H23: USD | I23: =ROUND(E23*G23,2) -> 260 | J23: CN | K23: / | L23: Littelfuse | M23: 境外品牌（其他） | N23: / | O23: 1.55 | P23: =VLOOKUP(J23,[3]国家代码!$A$1:$B$65536,2,0) -> 142
A24: 4 | B24: 2250201427 | C24: 301J16A0LF | D24: SMAJ16A | E24: 10000 | F24: PCS | G24: 0.026 | H24: USD | I24: =ROUND(E24*G24,2) -> 260 | J24: CN | K24: / | L24: Littelfuse | M24: 境外品牌（其他） | N24: / | O24: 1.55 | P24: =VLOOKUP(J24,[3]国家代码!$A$1:$B$65536,2,0) -> 142
A25: 5 | B25: 2250301934 | C25: 301J16A0LF | D25: SMAJ16A | E25: 10000 | F25: PCS | G25: 0.026 | H25: USD | I25: =ROUND(E25*G25,2) -> 260 | J25: CN | K25: / | L25: Littelfuse | M25: 境外品牌（其他） | N25: / | O25: 1.55 | P25: =VLOOKUP(J25,[3]国家代码!$A$1:$B$65536,2,0) -> 142
A26: 6 | B26: 2250300757 | C26: 30300001LF | D26: SDP0240T023G6RP | E26: 24000 | F26: PCS | G26: 0.152 | H26: USD | I26: =ROUND(E26*G26,2) -> 3648 | J26: TH | K26: / | L26: Littelfuse | M26: 境外品牌（其他） | N26: / | O26: 1.6 | P26: =VLOOKUP(J26,[3]国家代码!$A$1:$B$65536,2,0) -> 136
A27: 7 | B27: 2250800499 | C27: 30323000LF | D27: SH230 | E27: 900 | F27: PCS | G27: 0.195 | H27: USD | I27: =ROUND(E27*G27,2) -> 175.5 | J27: CN | K27: / | L27: Littelfuse | M27: 境外品牌（其他） | N27: / | O27: 0.96 | P27: =VLOOKUP(J27,[3]国家代码!$A$1:$B$65536,2,0) -> 142
A28: 8 | B28: 2250500414 | C28: 30335000LF | D28: P3500SBLRP-S | E28: 80000 | F28: PCS | G28: 0.0305 | H28: USD | I28: =ROUND(E28*G28,2) -> 2440 | J28: CN | K28: / | L28: Littelfuse | M28: 境外品牌（其他） | N28: / | O28: 22.51 | P28: =VLOOKUP(J28,[3]国家代码!$A$1:$B$65536,2,0) -> 142
C38: TOTAL | E38: =SUM(E21:E37) -> 147900 | I38: =SUM(I21:I37) -> 7579.5 | O38: =SUM(O21:O37) -> 33.3
I40: ACTION ELECTRONICS CO., LTD.

Sheet PACKING 
B1: B1 | C1: QHT002
A2: PACKING LIST
A4: Shipper/Exporter | F4: No & Date of Invoice
A5: ACTION ELECTRONICS CO.,LTD | F5: =Invoice!E4 -> A114081421
F6: =Invoice!E5 -> 45883
A9: Bill To: | F9: Remarks:
A10: SerNet (SuZhou) Technologies Corporation
A11: No.8, Tangzhuang Rode ,Suzhou Industrial Park
A12: ATTN: Ann TEL: 0512-6761 3993 ext:6501 / 64682
A14: Ship To:
A15: SerNet (SuZhou) Technologies Corporation
A16: No.8, Tangzhuang Rode ,Suzhou Industrial Park
A17: ATTN: Jason TEL:0512 6761 3993 ext: 6598/6583
A18: Port of Departure | D18: Port of Arrival
A19: HK | D19: SZ
A20: Carrier | D20: Sailing on/or About
A21: DHL
A22: CTNS | B22: PO No. | C22: Part No. | D22: 型號 | E22: CTN NO. | F22: Quantity | G22: Unit | H22: Net WT | I22: Gross WT | J22: COO | K22: MEASUREMENT L*W*H(CM)
H23: KGS | I23: KGS
A24: 1 | B24: 2250100170 | C24: 30135001LF | D24: P3500SBLRP | E24: 1 | F24: 10000 | G24: PCS | H24: 2.83 | I24: 3.33 | J24: CN | K24: 39*36*15
A25: 2 | B25: 2250500414 | C25: 30335000LF | D25: P3500SBLRP-S | E25: 2 | F25: 40000 | G25: PCS | H25: 11.3 | I25: 12 | J25: CN | K25: 42*38*38
A26: 3 | B26: 2250500414 | C26: 30335000LF | D26: P3500SBLRP-S | E26: 3 | F26: 40000 | G26: PCS | H26: 11.21 | I26: 11.96 | J26: CN | K26: 37*36*35
A27: 4 | B27: 2250300757 | C27: 30300001LF | D27: SDP0240T023G6RP | E27: 4 | F27: 24000 | G27: PCS | H27: 1.6 | I27: 1.95 | J27: TH | K27: 36*22*23
A28: 5 | B28: 2250800499 | C28: 30323000LF | D28: SH230 | E28: 5 | F28: 900 | G28: PCS | H28: 0.96 | I28: 1.36 | J28: CN | K28: 39*36*8
A29: 6 | B29: 2250301934 | C29: 301J16A0LF | D29: SMAJ16A | E29: 6 | F29: 10000 | G29: PCS | H29: 1.55 | I29: 1.72 | J29: CN | K29: 39*36*15
A30: 7 | B30: 2250201427 | C30: 301J16A0LF | D30: SMAJ16A | F30: 10000 | G30: PCS | H30: 1.55 | I30: 1.72 | J30: CN
A31: 8 | B31: 2250200088 | C31: 301J16A0LF | D31: SMAJ16A | F31: 10000 | G31: PCS | H31: 1.55 | I31: 1.71 | J31: CN
A32: 9 | B32: 2250500414 | C32: 30158001LF | D32: SMBJ58A | E32: 7 | F32: 3000 | G32: PCS | H32: 0.75 | I32: 1.15 | J32: CN | K32: 39*36*8
D33: TOTAL | E33: =MAX(E24:E32)&"CTNS" -> 7CTNS | F33: =SUM(F24:F32) -> 147900 | H33: =SUM(H24:H32) -> 33.3 | I33: =SUM(I24:I32) -> 36.9
E34: 件数 | F34: =E33 -> 7CTNS
G39: ACTION ELECTRONICS CO., LTD.

Sheet CONTRACT 
A1: ACTION ELECTRONICS CO., Ltd.
A2: OMC Offices, Babrow Building, The Valley, AI-2640, Anguilla.
A5: CONTRACT
A6: *****************
A8: Contract No : | C8: Date | D8: Vendor Code | E8: Shipped From | G8: To | H8: VIA
A9: =Invoice!E4 -> A114081421 | C9: =Invoice!E5 -> 45883 | D9: QHT002 | E9: HK | G9: HK
A10: Payment term | D10: Location | E10: Incoterm | G10: PAGES
A12: Item No. | B12: Description of Goods | D12: ORIGIN | E12: Q'TY | G12: U/Price(USD) | H12: TTL AMT(USD)
A13: 1 | C13: 30135001LF | F13: 10000 | G13: 0.044 | H13: =F13*G13 -> 440
A14: 2 | C14: 30158001LF | F14: 3000 | G14: 0.032 | H14: =F14*G14 -> 96
A15: 3 | C15: 301J16A0LF | F15: 30000 | G15: 0.026 | H15: =F15*G15 -> 780
A16: 4 | C16: 30300001LF | F16: 24000 | G16: 0.152 | H16: =F16*G16 -> 3648
A17: 5 | C17: 30323000LF | F17: 900 | G17: 0.195 | H17: =F17*G17 -> 175.5
A18: 6 | C18: 30335000LF | F18: 80000 | G18: 0.0305 | H18: =F18*G18 -> 2440
A19: 7
A20: 8
A21: 9
A22: 10
A25: TOTAL | F25: =SUM(E13:F24) -> 147900 | H25: =SUM(H13:H24) -> 7579.5
A31: 卖方： | E31: 买方：
A33: ACTION ELECTRONICS CO., Ltd. | E33: 中磊電子（蘇州）有限公司

Sheet 送貨單
A1: ACTION ELECTRONICS CO.,LTD
A4: 客戶名稱：中磊電子（蘇州）有限公司
A6: （報關料交貨）
A7: 客戶地址：工業園區唐庒路 8號 | E7: 送貨日期： | G7: =Invoice!E5 -> 45883
A10: 序號 | B10: PO號碼 | C10: 廠商名稱 (掃PO號自動帶出對應廠商名稱） | D10: 料號 | E10: 報關單號 | F10: 送貨單號 | G10: 交貨數量
B11: 2250100170 | C11: ACTION | D11: 30135001LF | F11: =Invoice!E4 -> A114081421 | G11: 10000
B12: 2250500414 | C12: ACTION | D12: 30158001LF | F12: =F11 -> A114081421 | G12: 3000
B13: 2250200088;2250201427;2250301934 | C13: ACTION | D13: 301J16A0LF | F13: =F12 -> A114081421 | G13: 30000
B14: 2250300757 | C14: ACTION | D14: 30300001LF | F14: =F13 -> A114081421 | G14: 24000
B15: 2250800499 | C15: ACTION | D15: 30323000LF | F15: =F14 -> A114081421 | G15: 900
B16: 2250500414 | C16: ACTION | D16: 30335000LF | F16: =F15 -> A114081421 | G16: 80000
B24: 送貨人：XXX | D24: 車牌號:蘇E.00000 | G24: 收貨人：XXXXX

Sheet 注意事項
A1: REMARK ：
A2: 1、 | B2: New barcode label request（盤/盒/箱) LABEL 請貼至最小包裝 (請使用"二維條碼" ) (Veder Code:QHT002) 、 ( 廠商碼:B1)
B3: [LABEL:SERNET]-->使用新樣式,如Invoice檔中所示!! (請注意..Label上需有MSD等級的標識)
B4: 外箱標,一張最多只有10組. ( 若有20包，請張貼兩張10個的標籤，以此類推... )
B5: (** 內盤、外箱皆需加貼 / 標籤底色"白色" 並加上"月份標籤")---->做在標簽上
B6: (**Update"月份標籤" 版本,請參考invoice檔中說明,需與實貨D/C相符,
B7: 並貼在barcode label的右下角)-內/外貼的月份標簽需一致
B8: **請務必加強Double Check, 注意標簽上的內與外不要打錯
A9: 2、 | B9: 請使用Date code一年內之料,做出貨
A10: 3、 | B10: 請按客戶CPN包裝
A11: 4、 | B11: "如實貨標籤產地是TW的，請把原廠外箱加貼一張標籤:〝MADE IN TAIWAN,CHINA"
A12: 5、 | B12: 隨貨需附上"檢驗報告""送貨單"(請放置於C/N.1 箱內，並於箱上註明"內附檢驗報告"字樣)
A13: 6、 | B13: 超過10箱出貨需打板後，才可出貨
A14: 7、 | B14: 請在外箱及最小包裝的標簽上,打上產地MADE IN”或者"ORIGIN"后面跟国家名，不要跟城市名（有些城市名好几个国家都有）， 也不要单独只有一个国家名称，没有“MADE IN”字样
A15: 8、 | B15: 隨貨附A4紙打印送貨單
A16: 9、 | B16: 打板高度不超過1.8M
A17: 10、 | B17: 外箱原廠標籤Taiwan產地,請用白色標籤紙覆蓋掉
A18: 11 | B18: 如實貨標籤產地是TW，實貨/中盒/外箱標籤 請打:〝MADE IN TAIWAN,CHINA"
A19: 12 | B19: 如實貨標籤產地是TW的,內外標請打TW,CN

Sheet 新標籤
B1: 客户标签名 | C1: 新宁提货商编号 | F1: 貼標要求：(箱/盒/盘/仓库通用唛头）
B2: 中怡保稅+Tony(V/C:QHT002)(廠商碼:B1) | C2: CT00086 | F2: 標籤尺寸：80*50
B3: 中怡非保稅(V/C:HT002)(廠商碼:F1) | C3: CT00087
B4: 中怡數寬(V/C:DHT004)(廠商碼:KW) | C4: CT00088
A7: 盒/盘標籤 | B7: 80*50 | F7: 外箱標籤 | G7: 80*50
A9: Reel ID: | B9: [00]&Vendor ID(廠商碼B1固定）&出貨日期6码(YYMMDD)&REED ID(4碼同一日出貨續下去) | C9: 08為實貨DC月份（數字+方框打在標籤上,不用有顏色） | F9: Carton No: | G9: [C][廠商碼B1固定][出貨日期YYMMDD(6碼)][10進制4碼流水碼]
A10: BARCODE: | B10: 00B12011220001 | C10: MSD:[由客戶提供] | F10: BARCODE: | G10: CB12011220001
A11: Part No: | B11: CUS PN | C11: PB固定 | F11: P/N: | G11: CUS PN
A12: VENDOR : | B12: QHT002(依据提货商编号固定） | F12: V/C: | G12: QHT002(依据提货商编号固定）
A13: Date Code: | B13: 實貨DC(YYWW固定格式) | F13: M/C： | G13: 空白
A14: Lot Code : | B14: 實貨LOT | F14: MSD： | G14: 由客戶提供
A15: QTY : | B15: QTY | F15: SQTY: | G15: 此外箱標籤包含的盤個數 | I15: 外箱二維內容:[CT:][C][廠商碼][出貨日期][10進制4碼流水碼][;][PN:][CUS PN][;][TQTY][;][SQTY][;][VC][;][MC][;][MSD][;（外箱標籤內容與盤標籤內容鏈接用“；”號隔開，盤與盤標籤內容用“#”隔開）][该Carton内所有ReelID内容（RID: [Vendor code][出貨日期][REED ID];QTY:[QTY];DC:[實貨DCYYWW];RDC:[出貨日期YYWW];LC:[LOTE CODE]）“#;”結尾
A16: Maker Code: | B16: 原廠料號（ITEM) | F16: MADE IN | G16: 實貨產地
A17: 出货日期6碼 | B17: 201210
A18: MADE IN | B18: 產地
F19: TQTY: | G19: 此外箱標籤包含的數量（每張外箱標籤最多做10盤盤標籤信息）
F20: Page: | G20: 此外箱標籤序號/此外箱標籤總張數）
A21: 二維BARCODE:RID: [Vendor code][出貨日期][REED ID];PN:[CUS PN];VC:[Vendor code];DC:[實貨DCYYWW];RDC:[出貨日期YYWW];QTY:[QTY];MC:;MSD:1;LC:[LOTE CODE]; | G21: 一箱Carton No會打印多張label，label的序號，即同一Caron No 有幾張，目前為第幾張
A22: 二維碼掃描內容： | G22: INVOICE | I22: 二維碼掃描內容：
A23: RID:00B12011220001;PN:30300017LF-V;VC:QHT002;DC:2036;RDC:2047;QTY:2500;MC:P0640SBLRP;MSD:1;LC:0GN3225B-1735-09; | G23: PB固定，MSD：有客戶提供，08為實貨DC月份（數字+方框打在標籤上,不用有顏色） | I23: CT:CB12011220001;PN:30300017LF- V;TQTY:25000;SQTY:10;VC:QHT002;MC:;MSD:1;RID:00B12010160001;QTY :2500;DC:2036;RDC:2047;LC:0GN3225B-1735- 09#RID:00B12011220002;QTY:2500;DC:2036;RDC:2047;LC:0GN3225B- 1735- 09#RID:00B12011220003;QTY:2500;DC:2036;RDC:2047;LC:0GN3225B- 1735- 09#RID:00B12011220004;QTY:2500;DC:2036;RDC:2047;LC:0GN3225B- 1735- 09#RID:00B12011220005;QTY:2500;DC:2036;RDC:2047;LC:0GN3225B- 1735- 09#RID:00B12011220006;QTY:2500;DC:2036;RDC:2047;LC:0GN3225B- 1735- 09#RID:00B12011220007;QTY:2500;DC:2036;RDC:2047;LC:0GN3225B- 1735- 09#RID:00B12011220008;QTY:2500;DC:2036;RDC:2047;LC:0GN3225B- 1735- 09#RID:00B12011220009;QTY:2500;DC:2036;RDC:2047;LC:0GN3225B- 1735- 09#RID:00B12011220010;QTY:2500;DC:2036;RDC:2047;LC:0GN3225B- 1735-09#;

Sheet DC
A1: 客户单号 | B1: 出库单号 | C1: SKUCODE | D1: 料号 | E1: 原厂DC | F1: DC4 | G1: LOT | H1: REELID | I1: 原产国 | J1: 最小包装数 | K1: CUSPN | L1: CUSPO | M1: 箱号 | N1: 数量
