Workbook

Sheet INVOICE
A1: COMMERCIAL INVOICE
A2: Shipper/Exporter | E2: No. & Date of Invoice | H2: No. & Date of Invoice
A3: FRONTEK TECHNOLOGY CORPORATION | E3: 45882 | H3: 45882
A4: 10F., No. 189, Jingmao 2nd Rd., Nangang Dist., Taipei,China City 115, Taiwan,China Tel:886-2-2191-0098 Fax:886-2-26535189 | E4: F625081578 | H4: F625081579
A7: Bill To: | E7: Payment Term
A8: Sernet (Suzhou) Technologies Corporation
A9: No.8 Tangzhuang Road, Suzhou Industrial Park, Jiangsu,China,Zip# 215000
A11: Ship To: | E11: Trade Term
A12: Sernet (Suzhou) Technologies Corporation | E12: DAP_Suzhou
A13: No.8 Tangzhuang Road, Suzhou Industrial Park, Jiangsu,China,Zip# 215000 Sugar Yan, TEL: (512)67613993,EXT:6553
A14: Port of Loading | C14: Port of Discharge | E14: Remarks:
A17: Carrier | C17: Sailing on/or About
E18: 贸易国： | F18: TAIWAN,CHINA
A19: ITEM | B19: Part No. | C19: PO No. | D19: Description of Goods | E19: Quantity | F19: Unit | G19: Unit Price | H19: Currency | I19: Amount | J19: COO | K19: CCO | L19: 品牌 | M19: 品牌类型 | N19: 型号 | O19: Net WT (KGS) | P19: Invoice No
A20: 1 | B20: 3100067KEL | C20: 2250502629 | D20: =VLOOKUP(B20,[1]进口保税提单表体!$E$2:$I$17,5,0) -> 其他发光二极管 | E20: 16000 | F20: PCS | G20: 0.0187 | H20: USD | I20: 299.2 | J20: China | K20: Taiwan, China | L20: EVERLIGHT | M20: 境外品牌(其他) | N20: 67-21S/KK5C-3M5757X1Y12530U62T | O20: 0.57 | P20: F625081578 | R20: 0.57
A21: 2 | B21: 312001C0EL | C21: 2250500108 | D21: =VLOOKUP(B21,[1]进口保税提单表体!$E$2:$I$17,5,0) -> 其他发光二极管 | E21: 18000 | F21: PCS | G21: 0.0193 | H21: USD | I21: 347.4 | J21: China | K21: Taiwan, China | L21: EVERLIGHT | M21: 境外品牌(其他) | N21: 19-223/S2G6C-C32/2T(SER) | O21: 0.6 | P21: F625081578 | R21: 0.6
A22: 3 | B22: 312001C0EL | C22: 2250500108 | D22: =VLOOKUP(B22,[1]进口保税提单表体!$E$2:$I$17,5,0) -> 其他发光二极管 | E22: 2000 | F22: PCS | G22: 0.0193 | H22: USD | I22: 38.6 | J22: China | K22: Taiwan, China | L22: EVERLIGHT | M22: 境外品牌(其他) | N22: 19-223/S2G6C-C32/2T(SER) | O22: 0.1 | P22: F625081578 | R22: 0.1
A23: 4 | B23: 57531500EL0 | C23: 2250302812 | D23: =VLOOKUP(B23,[1]进口保税提单表体!$E$2:$I$17,5,0) -> 含硅基换能器的多元件集成电路 | E23: 7000 | F23: PCS | G23: 0.0491 | H23: USD | I23: 343.7 | J23: Taiwan, China | K23: Taiwan, China | L23: EVERLIGHT | M23: 境外品牌(其他) | N23: ALS-PT19-315C/L177/TR8 | O23: 0.1 | P23: F625081578 | R23: 0.1
A24: 5 | B24: 57531500EL0 | C24: 2250401901 | D24: =VLOOKUP(B24,[1]进口保税提单表体!$E$2:$I$17,5,0) -> 含硅基换能器的多元件集成电路 | E24: 1000 | F24: PCS | G24: 0.0491 | H24: USD | I24: 49.1 | J24: Taiwan, China | K24: Taiwan, China | L24: EVERLIGHT | M24: 境外品牌(其他) | N24: ALS-PT19-315C/L177/TR8 | O24: 0 | P24: F625081578 | R24: 0
A25: 6 | B25: 312001C0EL | C25: 2250500108 | D25: =VLOOKUP(B25,[1]进口保税提单表体!$E$2:$I$17,5,0) -> 其他发光二极管 | E25: 2000 | F25: PCS | G25: 0.0193 | H25: USD | I25: 38.6 | J25: China | K25: Taiwan, China | L25: EVERLIGHT | M25: 境外品牌(其他) | N25: 19-223/S2G6C-C32/2T(SER) | O25: 0.1 | P25: F625081578 | R25: 0.1
A26: 7 | B26: 55966033RW0 | C26: 2241202410 | D26: =VLOOKUP(B26,[1]进口保税提单表体!$E$2:$I$17,5,0) -> 射频开关芯片 | E26: 3000 | F26: PCS | G26: 0.0291 | H26: USD | I26: 87.3 | J26: Taiwan, China | K26: Taiwan, China | L26: RICHWAVE | M26: 境外品牌(其他) | N26: RTC6603U | O26: 0.14 | P26: F625081579 | R26: 0.14
A27: 8 | B27: 55976370RW0 | C27: 2250200218 | D27: =VLOOKUP(B27,[1]进口保税提单表体!$E$2:$I$17,5,0) -> 集成电路/其他集成电路 | E27: 15000 | F27: PCS | G27: 0.3137 | H27: USD | I27: 4705.5 | J27: Taiwan, China | K27: Taiwan, China | L27: RICHWAVE | M27: 境外品牌(其他) | N27: RTC7637 | O27: 1.04 | P27: F625081579 | R27: 1.04
A28: 9 | B28: 55966030RW0 | C28: 2250103173 | D28: =VLOOKUP(B28,[1]进口保税提单表体!$E$2:$I$17,5,0) -> 射频开关芯片 | E28: 21000 | F28: PCS | G28: 0.0291 | H28: USD | I28: 611.1 | J28: Taiwan, China | K28: Taiwan, China | L28: RICHWAVE | M28: 境外品牌(其他) | N28: RTC6603 | O28: 1.56 | P28: F625081579 | R28: 1.56
A29: 10 | B29: 55986130RWR | C29: 2250302725 | D29: =VLOOKUP(B29,[1]进口保税提单表体!$E$2:$I$17,5,0) -> 射频开关芯片 | E29: 21000 | F29: PCS | G29: 0.0417 | H29: USD | I29: 875.7 | J29: Taiwan, China | K29: Taiwan, China | L29: RICHWAVE | M29: 境外品牌(其他) | N29: RTC8613M | O29: 1.5 | P29: F625081579 | Q29: =2.36/33000 -> 7.1515152e-05 | R29: =ROUND(E29*Q29,2) -> 1.5
A30: 11 | B30: 55986130RWR | C30: 2250303689 | D30: =VLOOKUP(B30,[1]进口保税提单表体!$E$2:$I$17,5,0) -> 射频开关芯片 | E30: 3000 | F30: PCS | G30: 0.0417 | H30: USD | I30: 125.1 | J30: Taiwan, China | K30: Taiwan, China | L30: RICHWAVE | M30: 境外品牌(其他) | N30: RTC8613M | O30: 0.21 | P30: F625081579 | Q30: =2.36/33000 -> 7.1515152e-05 | R30: =ROUND(E30*Q30,2) -> 0.21
A31: 12 | B31: 55986130RWR | C31: 2250203336 | D31: =VLOOKUP(B31,[1]进口保税提单表体!$E$2:$I$17,5,0) -> 射频开关芯片 | E31: 3000 | F31: PCS | G31: 0.0417 | H31: USD | I31: 125.1 | J31: Taiwan, China | K31: Taiwan, China | L31: RICHWAVE | M31: 境外品牌(其他) | N31: RTC8613M | O31: 0.21 | P31: F625081579 | Q31: =2.36/33000 -> 7.1515152e-05 | R31: =ROUND(E31*Q31,2) -> 0.21
A32: 13 | B32: 55986130RWR | C32: 2250302725 | D32: =VLOOKUP(B32,[1]进口保税提单表体!$E$2:$I$17,5,0) -> 射频开关芯片 | E32: 6000 | F32: PCS | G32: 0.0417 | H32: USD | I32: 250.2 | J32: Taiwan, China | K32: Taiwan, China | L32: RICHWAVE | M32: 境外品牌(其他) | N32: RTC8613M | O32: 0.44 | P32: F625081579 | Q32: =2.36/33000 -> 7.1515152e-05 | R32: 0.44
A33: 14 | B33: 55976370RW0 | C33: 2250200218 | D33: =VLOOKUP(B33,[1]进口保税提单表体!$E$2:$I$17,5,0) -> 集成电路/其他集成电路 | E33: 9000 | F33: PCS | G33: 0.3137 | H33: USD | I33: 2823.3 | J33: Taiwan, China | K33: Taiwan, China | L33: RICHWAVE | M33: 境外品牌(其他) | N33: RTC7637 | O33: 0.62 | P33: F625081579 | Q33: =0.83/12000 -> 6.9166667e-05 | R33: =ROUND(E33*Q33,2) -> 0.62
A34: 15 | B34: 55976370RW0 | C34: 2250302015 | D34: =VLOOKUP(B34,[1]进口保税提单表体!$E$2:$I$17,5,0) -> 集成电路/其他集成电路 | E34: 3000 | F34: PCS | G34: 0.3137 | H34: USD | I34: 941.1 | J34: Taiwan, China | K34: Taiwan, China | L34: RICHWAVE | M34: 境外品牌(其他) | N34: RTC7637 | O34: 0.21 | P34: F625081579 | Q34: =0.83/12000 -> 6.9166667e-05 | R34: =ROUND(E34*Q34,2) -> 0.21
A35: 16 | B35: 55966030RW0 | C35: 2250103173 | D35: =VLOOKUP(B35,[1]进口保税提单表体!$E$2:$I$17,5,0) -> 射频开关芯片 | E35: 15000 | F35: PCS | G35: 0.0291 | H35: USD | I35: 436.5 | J35: Taiwan, China | K35: Taiwan, China | L35: RICHWAVE | M35: 境外品牌(其他) | N35: RTC6603 | O35: 1.11 | P35: F625081579 | R35: 1.11
C38: TOTAL | E38: =SUM(E20:E37) -> 145000 | I38: =SUM(I20:I37) -> 12097.5 | O38: =SUM(O20:O37) -> 8.51

Sheet PACKING
A1: PACKING LIST
A3: Shipper/Exporter | F3: No & Date of Invoice | H3: No & Date of Invoice
A4: FRONTEK TECHNOLOGY CORPORATION | F4: =INVOICE!E3 -> 45882 | H4: =INVOICE!H3 -> 45882
A5: 10F., No. 189, Jingmao 2nd Rd., Nangang Dist., Taipei,China City 115, Taiwan,China Tel:886-2-2191-0098 Fax:886-2-26535189 | F5: =INVOICE!E4 -> F625081578 | H5: =INVOICE!H4 -> F625081579
A8: Bill To: | F8: Remarks:
A9: (10784)Sernet (Suzhou) Technologies Corporation
A10: No.8 Tangzhuang Road, Suzhou Industrial Park, Jiangsu,China, Zip# 215000
A13: Ship To:
A14: Sernet (Suzhou) Technologies Corporation
A15: No.8 Tangzhuang Road, Suzhou Industrial Park, Jiangsu,China, Zip# 215000
A16: Sugar Yan, TEL: (512)67613993,EXT:6553
A17: Port of Departure | D17: Port of Arrival
A19: Carrier | D19: Sailing on/or About
A21: CTNS | B21: PO No. | C21: Part No. | D21: Description of Goods | F21: Quantity | G21: Unit | H21: Net WT | I21: Gross WT | J21: MEASUREMENT L*W*H(CM) | K21: Invoice No
H22: KGS | I22: KGS
A23: 001 | B23: 2250502629 | C23: 3100067KEL | F23: 16000 | G23: PCS | H23: 0.57 | I23: 1.07 | J23: 30*29*23 | K23: F625081578
A24: 002 | B24: 2250500108 | C24: 312001C0EL | F24: 18000 | G24: PCS | H24: 0.6 | I24: 1.1 | J24: 30*29*23 | K24: F625081578
A25: 003 | B25: 2250500108 | C25: 312001C0EL | F25: 2000 | G25: PCS | H25: 0.1 | I25: 0.48 | J25: 30*30*23 | K25: F625081578
A26: 004 | B26: 2250302812 | C26: 57531500EL0 | F26: 7000 | G26: PCS | H26: 0.1 | I26: 0.6 | J26: 30*29*23 | K26: F625081578
A27: 004 | B27: 2250401901 | C27: 57531500EL0 | F27: 1000 | G27: PCS | H27: 0 | I27: 0 | J27: 30*29*23 | K27: F625081578
A28: 005 | B28: 2250500108 | C28: 312001C0EL | F28: 2000 | G28: PCS | H28: 0.1 | I28: 0.48 | J28: 30*29*23 | K28: F625081578
A29: 001 | B29: 2241202410 | C29: 55966033RW0 | F29: 3000 | G29: PCS | H29: 0.14 | I29: 0.64 | J29: 30*29*23 | K29: F625081579
A30: 002 | B30: 2250200218 | C30: 55976370RW0 | F30: 15000 | G30: PCS | H30: 1.04 | I30: 1.54 | J30: 30*30*23 | K30: F625081579
A31: 003 | B31: 2250103173 | C31: 55966030RW0 | F31: 21000 | G31: PCS | H31: 1.56 | I31: 2.06 | J31: 30*30*24 | K31: F625081579
A32: 004 | B32: 2250302725 | C32: 55986130RWR | F32: 21000 | G32: PCS | H32: 1.85 | I32: 2.35 | J32: 43*30*23 | K32: F625081579
A33: 004 | B33: 2250303689 | C33: 55986130RWR | F33: 3000 | G33: PCS | H33: 0 | I33: 0 | J33: 43*30*23 | K33: F625081579
A34: 005 | B34: 2250203336 | C34: 55986130RWR | F34: 3000 | G34: PCS | H34: 0 | I34: 0 | J34: 30*29*23 | K34: F625081579
... A38: 007 | B38: 2250103173 | C38: 55966030RW0 | F38: 15000 | G38: PCS | H38: 1.11 | I38: 1.61 | J38: 30*28*22 | K38: F625081579
A40: 12 | E40: TOTAL | F40: =SUM(F23:F39) -> 145000 | H40: =SUM(H23:H39) -> 8.51 | I40: =SUM(I23:I39) -> 14.27
E41: 件数 | F41: =A40 -> 12
E42: 包装种类 | F42: 纸箱
E43: 托盘材质
