Workbook

Sheet INVOICE
A1: COMMERCIAL INVOICE
A2: Shipper/Exporter | E2: No. & Date of Invoice
A3: PULSE ELECTRONICS (SINGAPORE) PTE LTD. | E3: SZ-250819
A4: NO. 29, LANE 301, TEHHSIN ROAD, HOSIN HUKOU, HSINCHU, TAIWAN，CHINA | E4: 45523
A7: Bill To: | E7: Payment Term
A8: Sernet(Suzhou)Technologies Corporation
A9: No.8,Tangzhuang Road, Suzhou Industrial Park, Jiangsu, China
A11: Ship To: | E11: Trade Term
A12: HK FOREARDER | E12: FOB HK
A14: Port of Loading | C14: Port of Discharge | E14: Remarks:
A17: Carrier | C17: Sailing on/or About
E18: 贸易国： | F18: SINGAPORE
A19: ITEM | B19: Part No. | C19: PO No. | D19: Description of Goods | E19: Quantity | F19: Unit | G19: Unit Price | H19: Currency | I19: Amount | J19: COO | K19: COD | L19: 品牌 | M19: 品牌类型 | N19: 型号 | O19: Net WT(KGS)
A20: 1 | B20: 362005X0CL | C20: 2250102981 | D20: PBY100505T-100Y-N | E20: 10000 | F20: PCS | G20: =VLOOKUP(B20,[1]工作表1!$A:$G,7,0) -> 0.00096 | H20: USD | I20: =ROUND(E20*G20,2) -> 9.6 | J20: CHINA | K20: **** | L20: 無品牌 | M20: 無品牌類型 | N20: PBY100505T-100Y-N | O20: 0.01
A21: 2 | B21: 3620007RCL | C21: 2250300460 | D21: PBY100505T-100Y-N | E21: 60000 | F21: PCS | G21: =VLOOKUP(B21,[1]工作表1!$A:$G,7,0) -> 0.00134 | H21: USD | I21: =ROUND(E21*G21,2) -> 80.4 | J21: CHINA | K21: **** | L21: 無品牌 | M21: 無品牌類型 | N21: PBY060303T-121Y-N | O21: 0.02
A22: 3 | B22: 3620007RCL | C22: 2250303012 | D22: PBY100505T-100Y-N | E22: 30000 | F22: PCS | G22: =VLOOKUP(B22,[1]工作表1!$A:$G,7,0) -> 0.00134 | H22: USD | I22: =ROUND(E22*G22,2) -> 40.2 | J22: CHINA | K22: **** | L22: 無品牌 | M22: 無品牌類型 | N22: PBY060303T-121Y-N | O22: 0.01
A23: 4 | B23: 3670003ACL | C23: 2250403338 | D23: PBY100505T-100Y-N | E23: 8000 | F23: PCS | G23: =VLOOKUP(B23,[1]工作表1!$A:$G,7,0) -> 0.00965 | H23: USD | I23: =ROUND(E23*G23,2) -> 77.2 | J23: CHINA | K23: **** | L23: 無品牌 | M23: 無品牌類型 | N23: CUW21T-900M-N | O23: 0.1
A24: 5 | B24: 3670003ACL | C24: 2250500247 | D24: PBY100505T-100Y-N | E24: 18000 | F24: PCS | G24: =VLOOKUP(B24,[1]工作表1!$A:$G,7,0) -> 0.00965 | H24: USD | I24: =ROUND(E24*G24,2) -> 173.7 | J24: CHINA | K24: **** | L24: 無品牌 | M24: 無品牌類型 | N24: CUW21T-900M-N | O24: 0.23
A25: 6 | B25: 36700067CL | C25: 2250500247 | D25: PBY100505T-100Y-N | E25: 2000 | F25: PCS | G25: =VLOOKUP(B25,[1]工作表1!$A:$G,7,0) -> 0.01274 | H25: USD | I25: =ROUND(E25*G25,2) -> 25.48 | J25: CHINA | K25: **** | L25: 無品牌 | M25: 無品牌類型 | N25: CMM21T-900M-N | O25: 0.03
A26: 7 | B26: 36200079CL | C26: 2250501425 | D26: PBY100505T-100Y-N | E26: 15000 | F26: PCS | G26: =VLOOKUP(B26,[1]工作表1!$A:$G,7,0) -> 0.00136 | H26: USD | I26: =ROUND(E26*G26,2) -> 20.4 | J26: CHINA | K26: **** | L26: 無品牌 | M26: 無品牌類型 | N26: PBY060303T-330Y-N | O26: 0.01
C36: TOTAL | E36: =SUM(E20:E35) -> 143000 | I36: =SUM(I20:I35) -> 426.98 | O36: =SUM(O20:O35) -> 0.41

Sheet PACKING
A1: PACKING LIST
A3: Shipper/Exporter | F3: No & Date of Invoice
A4: PULSE ELECTRONICS (SINGAPORE) PTE LTD. | F4: =INVOICE!E3 -> SZ-250819
A5: NO. 29, LANE 301, TEHHSIN ROAD, HOSIN HUKOU, HSINCHU, TAIWAN，CHINA | F5: =INVOICE!E4 -> 45523
A8: Bill To: | F8: Remarks:
A9: Sernet(Suzhou)Technologies Corporation
A10: No.8,Tangzhuang Road, Suzhou Industrial Park, Jiangsu, China
A13: Ship To:
A14: HK FOREARDER
A17: Port of Departure | D17: Port of Arrival
A19: Carrier | D19: Sailing on/or About
A21: CTNS | B21: PO No. | C21: Part No. | D21: Description of Goods | F21: Quantity | G21: Unit | H21: Net WT | I21: Gross WT | J21: MEASUREMENT L*W*H(CM)
H22: KGS | I22: KGS
A23: 1 | B23: 2250500247 | C23: 3670003ACL | D23: CUW21T-900M-N | F23: 18000 | G23: PCS | H23: 0.234 | I23: 1.25 | J23: 40.8*20.7*21.7
A24: 2 | B24: 2250303012 | C24: 3620007RCL | D24: PBY060303T-121Y-N | F24: 30000 | G24: PCS | H24: 0.0092 | I24: 0.87 | J24: 40.8*20.7*21.7
A25: 3 | B25: 2250300460 | C25: 3620007RCL | D25: PBY060303T-121Y-N | F25: 60000 | G25: PCS | H25: 0.0184 | I25: 1.11 | J25: 40.8*20.7*21.7
A26: 4 | B26: 2250501425 | C26: 36200079CL | D26: PBY060303T-330Y-N | F26: 15000 | G26: PCS | H26: 0.0046 | I26: 0.73 | J26: 40.8*20.7*21.7
A27: 5 | B27: 2250102981 | C27: 362005X0CL | D27: PBY100505T-100Y-N | F27: 10000 | G27: PCS | H27: 0.014 | I27: 0.73 | J27: 40.8*20.7*21.7
A28: 6 | B28: 2250403338 | C28: 3670003ACL | D28: CUW21T-900M-N | F28: 8000 | G28: PCS | H28: 0.104 | I28: 0.9 | J28: 40.8*20.7*21.7
A29: 7 | B29: 2250500247 | C29: 36700067CL | D29: CMM21T-900M-N | F29: 2000 | G29: PCS | H29: 0.026 | I29: 0.71 | J29: 40.8*20.7*21.7
I36: 13.7 | J36: 110*96*36
A37: 7 | E37: TOTAL | F37: =SUM(F23:F36) -> 143000 | H37: =SUM(H23:H36) -> 0.4102 | I37: =SUM(I23:I36) -> 20 | J37: 0.38 m³
E38: 件数 | F38: 1
E39: 包装种类 | F39: 托盘
E40: 托盘材质 | F40: 再生木托
