Workbook

Sheet INVOICE
A1: COMMERCIAL INVOICE
A2: Shipper/Exporter | F2: No. & Date of Invoice
A3: LinkCom Manufacturing Co., Ltd | F3: L026-SM-250803
A4: 5F., No.127, Ln.235, Baoqiao Rd., Xindian Dist., New Taipei City 231-45, Taiwan, China | F4: 2025//08/15
A7: Bill To: | F7: Payment Term
A8: 中磊电子(苏州)有限公司
A9: 中国江苏省苏州工业区唐庄路8号
A11: Ship To: | F11: Trade Term
A12: 中磊电子(苏州)有限公司 | F12: DDU
A13: 中国江苏省苏州工业区唐庄路8号
A14: Port of Loading | D14: Port of Discharge | F14: Remarks:
A15: CHINA | D15: CHINA | F15: 1.进境口岸关别代码： 2369（昆山综保）
F16: 2.申报地口岸关别代码 ：2369（昆山综保）
A17: Carrier | D17: Sailing on/or About | F17: 3.报关行名称及代码 ：昆山天马报关 3223980034
F18: 4.关联手册(账册）编号 ：T2369W000174
F19: 贸易国： | G19: 中国台湾
A20: ITEM | B20: Part No. | C20: LINKCOM Part NO. | D20: PO No. | E20: Description of Goods | F20: Quantity | G20: Unit | H20: Unit Price | I20: Currency | J20: Amount | K20: COO | L20: COD | M20: 品牌 | N20: 品牌类型 | O20: 型号 | P20: Net WT(KGS)
A21: 1 | B21: 366004CKLC | C21: PPE4812-002LR | D21: 2240903084 | E21: 變壓器 | F21: 1200 | G21: PCS | H21: 0.45 | I21: USD | J21: =ROUND(F21*H21,2) -> 540 | K21: CHINA | L21: N/A | M21: LinkCom牌(無中文品牌) | N21: 境外品牌(其他) | O21: 無型號 | P21: =Q21*R21 -> 11.04 | Q21: 4 | R21: 2.76
A22: 2 | B22: 366004CKLC | C22: PPE4812-002LR | D22: 2241000424 | E22: 變壓器 | F22: 3000 | G22: PCS | H22: 0.45 | I22: USD | J22: =ROUND(F22*H22,2) -> 1350 | K22: CHINA | L22: N/A | M22: LinkCom牌(無中文品牌) | N22: 境外品牌(其他) | O22: 無型號 | P22: =Q22*R22 -> 27.6 | Q22: 10 | R22: 2.76
A23: 3 | B23: 366004CKLC | C23: PPE4812-002LR | D23: 2250100356 | E23: 變壓器 | F23: 3000 | G23: PCS | H23: 0.45 | I23: USD | J23: =ROUND(F23*H23,2) -> 1350 | K23: CHINA | L23: N/A | M23: LinkCom牌(無中文品牌) | N23: 境外品牌(其他) | O23: 無型號 | P23: =Q23*R23 -> 27.6 | Q23: 10 | R23: 2.76
A24: 4 | B24: 366004CKLC | C24: PPE4812-002LR | D24: 2250602826 | E24: 變壓器 | F24: 3000 | G24: PCS | H24: 0.45 | I24: USD | J24: =ROUND(F24*H24,2) -> 1350 | K24: CHINA | L24: N/A | M24: LinkCom牌(無中文品牌) | N24: 境外品牌(其他) | O24: 無型號 | P24: =Q24*R24 -> 27.6 | Q24: 10 | R24: 2.76
A25: 5 | B25: 366004CKLC | C25: PPE4812-002LR | D25: 2250700675 | E25: 變壓器 | F25: 1500 | G25: PCS | H25: 0.45 | I25: USD | J25: =ROUND(F25*H25,2) -> 675 | K25: CHINA | L25: N/A | M25: LinkCom牌(無中文品牌) | N25: 境外品牌(其他) | O25: 無型號 | P25: =Q25*R25 -> 13.8 | Q25: 5 | R25: 2.76
A26: 6 | B26: 366004C7LC | C26: PPE4505-001LR | D26: 2250400162 | E26: 變壓器 | F26: 300 | G26: PCS | H26: 0.525 | I26: USD | J26: =ROUND(F26*H26,2) -> 157.5 | K26: CHINA | L26: N/A | M26: LinkCom牌(無中文品牌) | N26: 境外品牌(其他) | O26: 無型號 | P26: =Q26*R26 -> 2.73 | Q26: 1 | R26: 2.73
A27: 7 | B27: 366004C7LC | C27: PPE4505-001LR | D27: 2250703091 | E27: 變壓器 | F27: 300 | G27: PCS | H27: 0.525 | I27: USD | J27: =ROUND(F27*H27,2) -> 157.5 | K27: CHINA | L27: N/A | M27: LinkCom牌(無中文品牌) | N27: 境外品牌(其他) | O27: 無型號 | P27: =Q27*R27 -> 2.73 | Q27: 1 | R27: 2.73
A28: 8 | B28: 3660048HLC | C28: PLAL0562-55R | D28: 2250400852 | E28: 變壓器 | F28: 5400 | G28: PCS | H28: 0.375 | I28: USD | J28: =ROUND(F28*H28,2) -> 2025 | K28: CHINA | L28: N/A | M28: LinkCom牌(無中文品牌) | N28: 境外品牌(其他) | O28: 無型號 | P28: =Q28*R28 -> 32.1 | Q28: 10 | R28: 3.21
A29: 9 | B29: 366004AJLC | C29: PLDT1067-50R | D29: 2250500220 | E29: 變壓器 | F29: 3000 | G29: PCS | H29: 0.47 | I29: USD | J29: =ROUND(F29*H29,2) -> 1410 | K29: CHINA | L29: N/A | M29: LinkCom牌(無中文品牌) | N29: 境外品牌(其他) | O29: 無型號 | P29: =Q29*R29 -> 28.1 | Q29: 10 | R29: 2.81
A30: 10 | B30: 366004AJLC | C30: PLDT1067-50R | D30: 2250501386 | E30: 變壓器 | F30: 5400 | G30: PCS | H30: 0.47 | I30: USD | J30: =ROUND(F30*H30,2) -> 2538 | K30: CHINA | L30: N/A | M30: LinkCom牌(無中文品牌) | N30: 境外品牌(其他) | O30: 無型號 | P30: =Q30*R30 -> 50.58 | Q30: 18 | R30: 2.81
A31: 11 | B31: 3660048RLC | C31: PLDT8602-50R | D31: 2250701487 | E31: 變壓器 | F31: 5700 | G31: PCS | H31: 0.455 | I31: USD | J31: =ROUND(F31*H31,2) -> 2593.5 | K31: CHINA | L31: N/A | M31: LinkCom牌(無中文品牌) | N31: 境外品牌(其他) | O31: 無型號 | P31: =Q31*R31 -> 76.665 | Q31: 19 | R31: 4.035
A32: 12 | B32: 3660048RLC | C32: PLDT8602-50R | D32: 2250702111 | E32: 變壓器 | F32: 4500 | G32: PCS | H32: 0.455 | I32: USD | J32: =ROUND(F32*H32,2) -> 2047.5 | K32: CHINA | L32: N/A | M32: LinkCom牌(無中文品牌) | N32: 境外品牌(其他) | O32: 無型號 | P32: =Q32*R32 -> 60.525 | Q32: 15 | R32: 4.035
A33: 13 | B33: 363003A8LC | C33: PLAN7241-52R | D33: 2250303987 | E33: 變壓器 | F33: 15000 | G33: PCS | H33: 0.18 | I33: USD | J33: =ROUND(F33*H33,2) -> 2700 | K33: CHINA | L33: N/A | M33: LinkCom牌(無中文品牌) | N33: 境外品牌(其他) | O33: 無型號 | P33: 23.13 | Q33: 12 | R33: 1.85
A34: 14 | B34: 363003A8LC | C34: PLAN7241-52R | D34: 2250400162 | E34: 變壓器 | F34: 600 | G34: PCS | H34: 0.18 | I34: USD | J34: =ROUND(F34*H34,2) -> 108 | K34: CHINA | L34: N/A | M34: LinkCom牌(無中文品牌) | N34: 境外品牌(其他) | O34: 無型號 | P34: 0.92 | Q34: 1 | R34: 1.85
A35: 15 | B35: 36600475LC | C35: PLAL0562-60HR | D35: 2241102232 | E35: 變壓器 | F35: 10800 | G35: PCS | H35: 0.45 | I35: USD | J35: =ROUND(F35*H35,2) -> 4860 | K35: CHINA | L35: N/A | M35: LinkCom牌(無中文品牌) | N35: 境外品牌(其他) | O35: 無型號 | P35: =Q35*R35 -> 65.2 | Q35: 20 | R35: 3.26
A36: 16 | B36: 36600475LC | C36: PLAL0562-60HR | D36: 2241203769 | E36: 變壓器 | F36: 2160 | G36: PCS | H36: 0.45 | I36: USD | J36: =ROUND(F36*H36,2) -> 972 | K36: CHINA | L36: N/A | M36: LinkCom牌(無中文品牌) | N36: 境外品牌(其他) | O36: 無型號 | P36: =Q36*R36 -> 13.04 | Q36: 4 | R36: 3.26
A37: 17 | B37: 36600475LC | C37: PLAL0562-60HR | D37: 2250303987 | E37: 變壓器 | F37: 3780 | G37: PCS | H37: 0.45 | I37: USD | J37: =ROUND(F37*H37,2) -> 1701 | K37: CHINA | L37: N/A | M37: LinkCom牌(無中文品牌) | N37: 境外品牌(其他) | O37: 無型號 | P37: =Q37*R37 -> 22.82 | Q37: 7 | R37: 3.26
A38: 18 | B38: 36600475LC | C38: PLAL0562-60HR | D38: 2250400852 | E38: 變壓器 | F38: 2160 | G38: PCS | H38: 0.45 | I38: USD | J38: =ROUND(F38*H38,2) -> 972 | K38: CHINA | L38: N/A | M38: LinkCom牌(無中文品牌) | N38: 境外品牌(其他) | O38: 無型號 | P38: =Q38*R38 -> 13.04 | Q38: 4 | R38: 3.26
D41: TOTAL | F41: =SUM(F21:F40) -> 70800 | J41: =SUM(J21:J40) -> 27507 | P41: =SUM(P21:P40) -> 499.22

Sheet PACKING
A1: PACKING LIST
A3: Shipper/Exporter | F3: No & Date of Invoice
A4: =INVOICE!A3 -> LinkCom Manufacturing Co., Ltd | F4: =INVOICE!F3 -> L026-SM-250803
A5: =INVOICE!A4 -> 5F., No.127, Ln.235, Baoqiao Rd., Xindian Dist., New Taipei City 231-45, Taiwan, China | F5: =INVOICE!F4 -> 2025//08/15
A8: Bill To: | F8: Remarks:
A9: =INVOICE!A8 -> 中磊电子(苏州)有限公司
A10: =INVOICE!A9 -> 中国江苏省苏州工业区唐庄路8号
A13: Ship To:
A14: =INVOICE!A12 -> 中磊电子(苏州)有限公司
A15: =INVOICE!A13 -> 中国江苏省苏州工业区唐庄路8号
A17: Port of Departure | D17: Port of Arrival
A18: =INVOICE!A15 -> CHINA | D18: =INVOICE!D15 -> CHINA
A19: Carrier | D19: Sailing on/or About
A21: PLT | B21: CTNS | C21: Part No. | D21: LINKCOM Part NO. | E21: Description of Goods | F21: Quantity | G21: Unit | H21: Net WT | I21: Gross WT | J21: MEASUREMENT L*W*H(CM)
H22: KGS | I22: KGS
A23: T1 | B23: 30 | C23: 366004CKLC | D23: PPE4812-002LR | E23: 變壓器 | F23: 9000 | G23: PCS | H23: =B23*K23 -> 82.8 | I23: =B23*L23 -> 127.8 | J23: 120*80*89 | K23: 2.76 | L23: 4.26 | M23: 0.85
A24: T2 | B24: 9 | C24: 366004CKLC | D24: PPE4812-002LR | E24: 變壓器 | F24: 2700 | G24: PCS | H24: =B24*K24 -> 24.84 | I24: =B24*L24 -> 38.34 | J24: 120*80*104 | K24: 2.76 | L24: 4.26 | M24: 1
B25: 9 | C25: 3660048HLC | D25: PLAL0562-55R | E25: 變壓器 | F25: 4860 | G25: PCS | H25: =B25*K25 -> 28.89 | I25: =B25*L25 -> 44.1 | K25: 3.21 | L25: 4.9
B26: 1 | C26: 3660048HLC | D26: PLAL0562-55R | E26: 變壓器 | F26: 360 | G26: PCS | H26: 2.14 | I26: 3.9 | K26: 3.21 | L26: 4.9
B27: 1 | C27: 3660048HLC | D27: PLAL0562-55R | E27: 變壓器 | F27: 180 | G27: PCS | H27: 1.07 | I27: 2.7 | K27: 3.21 | L27: 4.9
B28: 13 | C28: 363003A8LC | D28: PLAN7241-52R | E28: 變壓器 | F28: 15600 | G28: PCS | H28: =B28*K28 -> 24.05 | I28: =B28*L28 -> 49.4 | K28: 1.85 | L28: 3.8
A29: T3 | B29: 2 | C29: 366004C7LC | D29: PPE4505-001LR | E29: 變壓器 | F29: 600 | G29: PCS | H29: =B29*K29 -> 5.46 | I29: =B29*L29 -> 8.2 | J29: 120*80*89 | K29: 2.73 | L29: 4.1 | M29: 0.85
B30: 28 | C30: 366004AJLC | D30: PLDT1067-50R | E30: 變壓器 | F30: 8400 | G30: PCS | H30: =B30*K30 -> 78.68 | I30: =B30*L30 -> 117.6 | K30: 2.81 | L30: 4.2
A31: T4 | B31: 34 | C31: 3660048RLC | D31: PLDT8602-50R | E31: 變壓器 | F31: 10200 | G31: PCS | H31: =B31*K31 -> 137.19 | I31: =B31*L31 -> 184.62 | J31: 120*80*104 | K31: 4.035 | L31: 5.43 | M31: 1
A32: T5 | B32: 35 | C32: 36600475LC | D32: PLAL0562-60HR | E32: 變壓器 | F32: 18900 | G32: PCS | H32: =B32*K32 -> 114.1 | I32: =B32*L32 -> 171.5 | J32: 120*80*104 | K32: 3.26 | L32: 4.9 | M32: 1
I34: =A35*10 -> 50
A35: 5 | B35: =SUM(B23:B32) -> 162 | E35: TOTAL | F35: =SUM(F23:F34) -> 70800 | H35: =SUM(H23:H34) -> 499.22 | I35: =SUM(I23:I34) -> 798.16 | J35: =SUM(M23:M32) -> 4.7
E36: 件数 | F36: 5
E37: 包装种类 | F37: 纸箱/托盘等
E38: 托盘材质 | F38: 塑胶托
