Workbook

Sheet INVOICE
A1: COMMERCIAL INVOICE
A2: Shipper/Exporter | E2: No. & Date of Invoice
A3: Walsin Technology Corporation | E3: 910245525, 910245527, 910245524
A4: YANG-MEIPLANT NO.566-1,Kao-Shi Road,Yang-Mei,TaoYuan,32668 Taiwan TEL: +886-3-475-8711 FAX:+886-3-475-7130 | E4: 45884
A7: Bill To: | E7: Payment Term
A8: 中磊電子（蘇州）有限公司 | E8: 120daysAMS,次月一日起120天匯款
A9: 蘇州工業園區唐莊路8號 China
A11: Ship To: | E11: Trade Term
A12: 中磊電子（蘇州）有限公司 | E12: FOB Taiwan,China
A13: 蘇州工業園區唐莊路8號 China
A14: Port of Loading | C14: Port of Discharge | E14: Remarks:
A17: Carrier | C17: Sailing on/or About
E18: 贸易国： | F18: 中國台灣
A19: ITEM | B19: Part No. | C19: PO No. | D19: Description of Goods | E19: Quantity | F19: Unit | G19: Unit Price | H19: Currency | I19: Amount | J19: COO | K19: COD | L19: 品牌 | M19: 品牌类型 | N19: 型号 | O19: Net WT(KGS)
A20: 1 | B20: 3601550ZIQ | C20: 2250600998-12.1 | E20: 9000 | F20: PCS | G20: 0.0085 | H20: USD | I20: =ROUND(E20*G20,2) -> 76.5 | L20: 無 | M20: 無 | N20: 無 | O20: 0.221
A21: 2 | B21: 55214113WS0 | C21: 2250703108-2.1 | E21: 3000 | F21: PCS | G21: 0.00696 | H21: USD | I21: =ROUND(E21*G21,2) -> 20.88 | L21: 無 | M21: 無 | N21: 無 | O21: 0.015
A22: 3 | B22: 55216086WS0 | C22: 2250301682-5.1 | E22: 8000 | F22: PCS | G22: 0.0064 | H22: USD | I22: =ROUND(E22*G22,2) -> 51.2 | L22: 無 | M22: 無 | N22: 無 | O22: 0.038
A23: 4 | B23: 5521608HWS0 | C23: 2250500875-1.1 | E23: 36000 | F23: PCS | G23: 0.00653 | H23: USD | I23: =ROUND(E23*G23,2) -> 235.08 | L23: 無 | M23: 無 | N23: 無 | O23: 0.188
A24: 5 | B24: 5521608HWS0 | C24: 2250500274-4.1 | E24: 4000 | F24: PCS | G24: 0.00653 | H24: USD | I24: =ROUND(E24*G24,2) -> 26.12 | L24: 無 | M24: 無 | N24: 無 | O24: 0.021
A25: 6 | B25: 5521608HWS0 | C25: 2250402947-2.1 | E25: 28000 | F25: PCS | G25: 0.00653 | H25: USD | I25: =ROUND(E25*G25,2) -> 182.84 | L25: 無 | M25: 無 | N25: 無 | O25: 0.146
A26: 7 | B26: 5521608HWS0 | C26: 2250402037-12.1 | E26: 8000 | F26: PCS | G26: 0.00653 | H26: USD | I26: =ROUND(E26*G26,2) -> 52.24 | L26: 無 | M26: 無 | N26: 無 | O26: 0.042
A27: 8 | B27: 5521608HWS0 | C27: 2250403348-3.1 | E27: 4000 | F27: PCS | G27: 0.00653 | H27: USD | I27: =ROUND(E27*G27,2) -> 26.12 | L27: 無 | M27: 無 | N27: 無 | O27: 0.021
A28: 9 | B28: 5521608HWS0 | C28: 2250402947-2.1 | E28: 28000 | F28: PCS | G28: 0.00653 | H28: USD | I28: =ROUND(E28*G28,2) -> 182.84 | L28: 無 | M28: 無 | N28: 無 | O28: 0.146
A29: 10 | B29: 55225200WS0 | C29: 2250703591-1.1 | E29: 6000 | F29: PCS | G29: 0.0297 | H29: USD | I29: =ROUND(E29*G29,2) -> 178.2 | L29: 無 | M29: 無 | N29: 無 | O29: 0.086
A30: 11 | B30: 55225200WS0 | C30: 2250702472-1.3 | E30: 2000 | F30: PCS | G30: 0.0297 | H30: USD | I30: =ROUND(E30*G30,2) -> 59.4 | L30: 無 | M30: 無 | N30: 無 | O30: 0.029
A31: 12 | B31: 55225200WS0 | C31: 2250702472-1.2 | E31: 6000 | F31: PCS | G31: 0.0297 | H31: USD | I31: =ROUND(E31*G31,2) -> 178.2 | L31: 無 | M31: 無 | N31: 無 | O31: 0.086
... A57: 38 | B57: 3601053RIQ | C57: 2250501413-8.1 | E57: 9000 | F57: PCS | G57: 0.0085 | H57: USD | I57: =ROUND(E57*G57,2) -> 76.5 | L57: 無 | M57: 無 | N57: 無 | O57: 0.442
C59: TOTAL | E59: =SUM(E20:E58) -> 634000 | I59: =SUM(I20:I58) -> 4811.38 | O59: =SUM(O20:O58) -> 14.699

Sheet PACKING
A1: PACKING LIST
A3: Shipper/Exporter | F3: No & Date of Invoice
A4: Walsin Technology Corporation | F4: =INVOICE!E3 -> 910245525, 910245527, 910245524
A5: YANG-MEIPLANT NO.566-1,Kao-Shi Road,Yang-Mei,TaoYuan,32668 Taiwan TEL: +886-3-475-8711 FAX:+886-3-475-7130 | F5: =INVOICE!E4 -> 45884
A8: Bill To: | F8: Remarks:
A9: 中磊電子（蘇州）有限公司
A10: 蘇州工業園區唐莊路8號 China
A13: Ship To:
A14: 中磊電子（蘇州）有限公司
A15: 蘇州工業園區唐莊路8號
A16: China
A17: Port of Departure | D17: Port of Arrival
A19: Carrier | D19: Sailing on/or About
A21: CTNS | B21: PO No. | C21: Part No. | D21: Description of Goods | F21: Quantity | G21: Unit | H21: Net WT | I21: Gross WT | J21: MEASUREMENT L*W*H(CM)
H22: KGS | I22: KGS
A23: 1 | B23: =INVOICE!C20 -> 2250600998-12.1 | C23: =INVOICE!B20 -> 3601550ZIQ | F23: =INVOICE!E20 -> 9000 | G23: PCS | H23: =INVOICE!O20 -> 0.221 | I23: 1.193 | J23: 39*36*21
A24: 2 | B24: =INVOICE!C21 -> 2250703108-2.1 | C24: =INVOICE!B21 -> 55214113WS0 | F24: =INVOICE!E21 -> 3000 | G24: PCS | H24: =INVOICE!O21 -> 0.015 | I24: 0.835 | J24: 39*36*21
A25: 3 | B25: =INVOICE!C22 -> 2250301682-5.1 | C25: =INVOICE!B22 -> 55216086WS0 | F25: =INVOICE!E22 -> 8000 | G25: PCS | H25: =INVOICE!O22 -> 0.038 | I25: 1.014 | J25: 39*36*21
A26: 4 | B26: =INVOICE!C23 -> 2250500875-1.1 | C26: =INVOICE!B23 -> 5521608HWS0 | F26: =INVOICE!E23 -> 36000 | G26: PCS | H26: =INVOICE!O23 -> 0.188 | I26: 1.474 | J26: 39*36*21
A27: 5 | B27: =INVOICE!C24 -> 2250500274-4.1 | C27: =INVOICE!B24 -> 5521608HWS0 | F27: =INVOICE!E24 -> 4000 | G27: PCS | H27: =INVOICE!O24 -> 0.021 | I27: 0.164 | J27: 39*36*21
A28: 6 | B28: =INVOICE!C25 -> 2250402947-2.1 | C28: =INVOICE!B25 -> 5521608HWS0 | F28: =INVOICE!E25 -> 28000 | G28: PCS | H28: =INVOICE!O25 -> 0.146 | I28: 1.146 | J28: 39*36*21
A29: 7 | B29: =INVOICE!C26 -> 2250402037-12.1 | C29: =INVOICE!B26 -> 5521608HWS0 | F29: =INVOICE!E26 -> 8000 | G29: PCS | H29: =INVOICE!O26 -> 0.042 | I29: 0.328 | J29: 39*36*21
A30: 8 | B30: =INVOICE!C27 -> 2250403348-3.1 | C30: =INVOICE!B27 -> 5521608HWS0 | F30: =INVOICE!E27 -> 4000 | G30: PCS | H30: =INVOICE!O27 -> 0.021 | I30: 0.164 | J30: 39*36*21
A31: 9 | B31: =INVOICE!C28 -> 2250402947-2.1 | C31: =INVOICE!B28 -> 5521608HWS0 | F31: =INVOICE!E28 -> 28000 | G31: PCS | H31: =INVOICE!O28 -> 0.146 | I31: 1.146 | J31: 39*36*21
A32: 10 | B32: =INVOICE!C29 -> 2250703591-1.1 | C32: =INVOICE!B29 -> 55225200WS0 | F32: =INVOICE!E29 -> 6000 | G32: PCS | H32: =INVOICE!O29 -> 0.086 | I32: 0.452 | J32: 39*36*21
A33: 11 | B33: =INVOICE!C30 -> 2250702472-1.3 | C33: =INVOICE!B30 -> 55225200WS0 | F33: =INVOICE!E30 -> 2000 | G33: PCS | H33: =INVOICE!O30 -> 0.029 | I33: 0.151 | J33: 39*36*21
A34: 12 | B34: =INVOICE!C31 -> 2250702472-1.2 | C34: =INVOICE!B31 -> 55225200WS0 | F34: =INVOICE!E31 -> 6000 | G34: PCS | H34: =INVOICE!O31 -> 0.086 | I34: 0.452 | J34: 39*36*21
... A60: 38 | B60: =INVOICE!C57 -> 2250501413-8.1 | C60: =INVOICE!B57 -> 3601053RIQ | F60: =INVOICE!E57 -> 9000 | G60: PCS | H60: =INVOICE!O57 -> 0.442 | I60: 0.615 | J60: 39*36*21
E62: TOTAL | F62: =SUM(F23:F61) -> 634000 | H62: =SUM(H23:H61) -> 14.699 | I62: =SUM(I23:I61) -> 38.04 | J62: 0.44m³
E63: 件数 | F63: 20
E64: 包装种类 | F64: 纸箱

Sheet Sheet1
A1: 3601550ZIQ | B1: 9000 | C1: 0.0085 | D1: 76.5 | E1: 0.221
A2: 55214113WS0 | B2: 3000 | C2: 0.00696 | D2: 20.88 | E2: 0.015
A3: 55216086WS0 | B3: 8000 | C3: 0.0064 | D3: 51.2 | E3: 0.038
A4: 5521608HWS0 | B4: 36000 | C4: 0.00653 | D4: 235.08 | E4: 0.188
A5: 5521608HWS0 | B5: 4000 | C5: 0.00653 | D5: 26.12 | E5: 0.021
A6: 5521608HWS0 | B6: 28000 | C6: 0.00653 | D6: 182.84 | E6: 0.146
A7: 5521608HWS0 | B7: 8000 | C7: 0.00653 | D7: 52.24 | E7: 0.042
A8: 5521608HWS0 | B8: 4000 | C8: 0.00653 | D8: 26.12 | E8: 0.021
A9: 5521608HWS0 | B9: 28000 | C9: 0.00653 | D9: 182.84 | E9: 0.146
A10: 55225200WS0 | B10: 6000 | C10: 0.0297 | D10: 178.2 | E10: 0.086
A11: 55225200WS0 | B11: 2000 | C11: 0.0297 | D11: 59.4 | E11: 0.029
A12: 55225200WS0 | B12: 6000 | C12: 0.0297 | D12: 178.2 | E12: 0.086
... A38: 3601053RIQ | B38: 9000 | C38: 0.0085 | D38: 76.5 | E38: 0.442
